--***********************************************************
--**************     AGGREGATE FUNCTIONS  *******************
--***********************************************************


DROP TABLE EMP_AGF;
DROP TABLE DEPT_AGF;

CREATE TABLE DEPT_AGF(
	DNO		NUMBER(3) PRIMARY KEY,
	DNAME		CHAR(10)
);

INSERT INTO DEPT_AGF VALUES(100, 'CSE');
INSERT INTO DEPT_AGF VALUES(101, 'IT');
INSERT INTO DEPT_AGF VALUES(102, 'APM');
INSERT INTO DEPT_AGF VALUES(103, 'TT');
INSERT INTO DEPT_AGF VALUES(104, 'CE');


CREATE TABLE EMP_AGF (
	ENO		NUMBER(3) PRIMARY KEY,
	ENAME		VARCHAR2(20),
	DPTNO		NUMBER(3) REFERENCES DEPT_AGF(DNO),
	SALARY		NUMBER(10)
);

INSERT INTO EMP_AGF VALUES (500, 'AAA AA', 100, 50000);
INSERT INTO EMP_AGF VALUES (501, 'BBB BB', 101, 51000);
INSERT INTO EMP_AGF VALUES (502, 'CCC CC', 102, 30000);
INSERT INTO EMP_AGF VALUES (503, 'DDD DD', 103, 55000);
INSERT INTO EMP_AGF VALUES (504, 'EEE EE', 100, 90000);
INSERT INTO EMP_AGF VALUES (505, 'FFF FF', 101, 81000);
INSERT INTO EMP_AGF VALUES (506, 'GGG GG', 102, 50000);
INSERT INTO EMP_AGF VALUES (507, 'HHH HH', 103, 45000);




--***********************************************************
--*******************     JOINS  ****************************
--***********************************************************

DROP TABLE EMPLOYEE24;

DROP TABLE DEPARTMENT24;


CREATE TABLE DEPARTMENT24 (
	DEPTNO		NUMBER(3),
	DNAME		VARCHAR2(20),
	LOC		CHAR(10),
	CONSTRAINT PK_DEPT24	PRIMARY KEY(DEPTNO)
);

INSERT INTO DEPARTMENT24 VALUES (100, 'INVENTORY', 'KOL');
INSERT INTO DEPARTMENT24 VALUES (101, 'FINANCE', 'MUMB');
INSERT INTO DEPARTMENT24 VALUES (102, 'HR', 'HYBD');

CREATE TABLE EMPLOYEE24 (
	EMPNO		NUMBER(3),
	ENAME		VARCHAR2(20),
	JOB		CHAR(10),
	MGRNO		NUMBER(3),
	DEPTNO		NUMBER(3),
	CONSTRAINT PK_EMP24	PRIMARY KEY(EMPNO),
	CONSTRAINT FK_EMP24_1	FOREIGN KEY(MGRNO) REFERENCES EMPLOYEE24(EMPNO),
	CONSTRAINT FK_EMP24_2	FOREIGN KEY(DEPTNO) REFERENCES DEPARTMENT24(DEPTNO)
);

INSERT INTO EMPLOYEE24 VALUES (200, 'AAA AA', 'ANALYST', 200, 100);
INSERT INTO EMPLOYEE24 VALUES (201, 'BBB BB', 'CLERK', 200, 100);
INSERT INTO EMPLOYEE24 VALUES (202, 'CCC CC', 'TESTER', 201, 101);
INSERT INTO EMPLOYEE24 VALUES (203, 'DDD DD', 'ENGINEER', 202, 102);



--***********************************************************
--*****************     OUTER JOINS  ************************
--***********************************************************

DROP TABLE EMPLOYEE_OTJ;

CREATE TABLE EMPLOYEE_OTJ(
	ENAME		VARCHAR2(10),
	STREET		CHAR(10),
	CITY		CHAR(20)
);

INSERT INTO EMPLOYEE_OTJ VALUES ('COYOTE', 'TOON', 'HOLLYWOOD');
INSERT INTO EMPLOYEE_OTJ VALUES ('RABBIT', 'TUNNEL', 'CARROTVILLE');
INSERT INTO EMPLOYEE_OTJ VALUES ('SMITH', 'REVOLVER', 'DEATH VALLEY');
INSERT INTO EMPLOYEE_OTJ VALUES ('WILLIAMS', 'SEAVIEW', 'SEATTLE');

DROP TABLE FT_WORKS_OTJ;

CREATE TABLE FT_WORKS_OTJ (
	ENAME		VARCHAR2(10), 
	BRANCH		CHAR(10),
	SALARY		NUMBER(10)
);

INSERT INTO FT_WORKS_OTJ VALUES ('COYOTE', 'MESA', 1500);
INSERT INTO FT_WORKS_OTJ VALUES ('RABBIT', 'MESA', 1300);
INSERT INTO FT_WORKS_OTJ VALUES ('GATES', 'REMOND', 5300);
INSERT INTO FT_WORKS_OTJ VALUES ('WILLIAMS', 'REDMOND', 1500);
